Mon super auteur,Ma super description
Mon super auteur,Ma super description
Mon super auteur,Ma super description
Mon super auteur,Ma super description
Mon super auteur,Ma super description
Mon super auteur,Ma super description
Mon super auteur,Ma super description
Mon super auteur,Ma super description
Mon super auteur,Ma super description
Mon super auteur,Ma super description
Mon super auteur,Ma super description
Mon super auteur,2024-04-22 20:55:12 +0200
super_auteur2,super go444ssip
super_auteur2,super go444ssip
super_auteur2,super go444ssip
"",""
test 1,test 1
test 1,test 1
test 1,test 1
test 1,test 1
Jacki,Ceci est un mot
hytejb,kyknliu
kjytlniuyn,"nluy,!li"
